{"CosThetaNplus bin 0":{"CosThetaNplus bin 0":1.0,"CosThetaNplus bin 1":0.0327681051,"CosThetaNplus bin 2":0.0449774414,"CosThetaNplus bin 3":-0.0253439747,"CosThetaNminus bin 0":0.2157167555,"CosThetaNminus bin 1":0.2286462865,"CosThetaNminus bin 2":0.2711566637,"CosThetaNminus bin 3":0.4356323696},"CosThetaNplus bin 1":{"CosThetaNplus bin 0":0.0327681051,"CosThetaNplus bin 1":1.0,"CosThetaNplus bin 2":-0.0322710345,"CosThetaNplus bin 3":0.0234627897,"CosThetaNminus bin 0":0.2245936015,"CosThetaNminus bin 1":0.212549782,"CosThetaNminus bin 2":0.134822236,"CosThetaNminus bin 3":0.2988268578},"CosThetaNplus bin 2":{"CosThetaNplus bin 0":0.0449774414,"CosThetaNplus bin 1":-0.0322710345,"CosThetaNplus bin 2":1.0,"CosThetaNplus bin 3":0.0101876889,"CosThetaNminus bin 0":0.2159411062,"CosThetaNminus bin 1":0.2319388142,"CosThetaNminus bin 2":0.1821501311,"CosThetaNminus bin 3":0.2380744935},"CosThetaNplus bin 3":{"CosThetaNplus bin 0":-0.0253439747,"CosThetaNplus bin 1":0.0234627897,"CosThetaNplus bin 2":0.0101876889,"CosThetaNplus bin 3":1.0,"CosThetaNminus bin 0":0.3982032277,"CosThetaNminus bin 1":0.2701404191,"CosThetaNminus bin 2":0.2433430605,"CosThetaNminus bin 3":0.1733153375},"CosThetaNminus bin 0":{"CosThetaNplus bin 0":0.2157167555,"CosThetaNplus bin 1":0.2245936015,"CosThetaNplus bin 2":0.2159411062,"CosThetaNplus bin 3":0.3982032277,"CosThetaNminus bin 0":1.0,"CosThetaNminus bin 1":-0.0181000089,"CosThetaNminus bin 2":-0.0113731661,"CosThetaNminus bin 3":-0.0189802678},"CosThetaNminus bin 1":{"CosThetaNplus bin 0":0.2286462865,"CosThetaNplus bin 1":0.212549782,"CosThetaNplus bin 2":0.2319388142,"CosThetaNplus bin 3":0.2701404191,"CosThetaNminus bin 0":-0.0181000089,"CosThetaNminus bin 1":1.0,"CosThetaNminus bin 2":0.0353858066,"CosThetaNminus bin 3":0.0312232461},"CosThetaNminus bin 2":{"CosThetaNplus bin 0":0.2711566637,"CosThetaNplus bin 1":0.134822236,"CosThetaNplus bin 2":0.1821501311,"CosThetaNplus bin 3":0.2433430605,"CosThetaNminus bin 0":-0.0113731661,"CosThetaNminus bin 1":0.0353858066,"CosThetaNminus bin 2":1.0,"CosThetaNminus bin 3":-0.0278383032},"CosThetaNminus bin 3":{"CosThetaNplus bin 0":0.4356323696,"CosThetaNplus bin 1":0.2988268578,"CosThetaNplus bin 2":0.2380744935,"CosThetaNplus bin 3":0.1733153375,"CosThetaNminus bin 0":-0.0189802678,"CosThetaNminus bin 1":0.0312232461,"CosThetaNminus bin 2":-0.0278383032,"CosThetaNminus bin 3":1.0}}